{
  "global": [
    {
      "type": "SET_MODEL_NAME",
      "input": {
        "name": "ChatRoom"
      },
      "scope": "global",
      "id": "5a8062c8-1f21-412b-a53c-3763c0f9e349",
      "index": 0,
      "timestamp": "2024-11-27T09:05:21.592Z",
      "hash": "74gId+GbFN/pSrDtQKC9dmrKCuA=",
      "skip": 0
    },
    {
      "type": "SET_STATE_SCHEMA",
      "input": {
        "schema": "type ChatRoomState {\n  \"Add your global state fields here\"\n  _placeholder: String\n}",
        "scope": "global"
      },
      "scope": "global",
      "id": "8a151bb3-87dc-4e90-8cf3-613f19387944",
      "index": 1,
      "timestamp": "2024-11-27T09:05:21.612Z",
      "hash": "VPWwTTGb5e3KacmpT9b3AR01T6c=",
      "skip": 0
    },
    {
      "type": "SET_MODEL_ID",
      "input": {
        "id": "powerhouse/chat-room"
      },
      "scope": "global",
      "id": "ef714eae-b95c-4321-a918-1a94ac5a4adc",
      "index": 2,
      "timestamp": "2024-11-27T09:05:33.345Z",
      "hash": "b0BuzRUxRd8pNSf3MScMeKfTjRg=",
      "skip": 0
    },
    {
      "type": "SET_STATE_SCHEMA",
      "input": {
        "schema": "type ChatRoomState {\n  id: OID!                    # Unique identifier for the chat-room\n  name: String!               # Name of the chat-room\n  description: String         # Optional description of the chat-room\n  createdAt: DateTime!        # Timestamp of when the chat-room was created\n  createdBy: AID!             # Agent ID of the user who created the chat-room\n  messages: [Message!]!       # List of messages in the chat-room\n}\n\ntype Message {\n  id: OID!                    # Unique identifier for the message\n  senderId: AID!              # Agent ID of the message sender\n  content: String             # Message content\n  sentAt: DateTime!           # Timestamp of when the message was sent\n  reactions: [Reaction!]      # Reactions to the message\n}\n\ntype Reaction {\n  id: OID!                    # Unique identifier for the reaction\n  type: ReactionType!         # Type of reaction (one of the predefined emoji)\n  reactedBy: AID!             # Agent ID of the user who reacted\n  reactedAt: DateTime!        # Timestamp of the reaction\n}\n\nenum ReactionType {\n  THUMBS_UP\n  HEART\n  LAUGH\n  SAD\n  ANGRY\n}\n",
        "scope": "global"
      },
      "scope": "global",
      "id": "10fa32b9-b34f-40f1-88dc-cc7ccb36bfb2",
      "index": 3,
      "timestamp": "2024-11-27T09:06:21.663Z",
      "hash": "8DgxyQLwm/GkopQTF83ueUqDoC0=",
      "skip": 0
    },
    {
      "type": "SET_STATE_SCHEMA",
      "input": {
        "schema": "type ChatRoomState {\n  id: OID!                    # Unique identifier for the chat-room\n  name: String!               # Name of the chat-room\n  description: String         # Optional description of the chat-room\n  createdAt: DateTime!        # Timestamp of when the chat-room was created\n  createdBy: AID!             # Agent ID of the user who created the chat-room\n  messages: [Message!]!       # List of messages in the chat-room\n}\n\ntype Message {\n  id: OID!                    # Unique identifier for the message\n  senderId: ID!              # Agent ID of the message sender\n  content: String             # Message content\n  sentAt: DateTime!           # Timestamp of when the message was sent\n  reactions: [Reaction!]      # Reactions to the message\n}\n\ntype Reaction {\n  id: OID!                    # Unique identifier for the reaction\n  type: ReactionType!         # Type of reaction (one of the predefined emoji)\n  reactedBy: AID!             # Agent ID of the user who reacted\n  reactedAt: DateTime!        # Timestamp of the reaction\n}\n\nenum ReactionType {\n  THUMBS_UP\n  HEART\n  LAUGH\n  SAD\n  ANGRY\n}\n",
        "scope": "global"
      },
      "scope": "global",
      "id": "984c84d1-892d-48f8-a019-d2cdac35e6cf",
      "index": 4,
      "timestamp": "2024-11-27T09:07:15.496Z",
      "hash": "+pOrfOLjRoElpV7aur9y0e7xD9c=",
      "skip": 0
    },
    {
      "type": "SET_STATE_SCHEMA",
      "input": {
        "schema": "type ChatRoomState {\n  id: OID!                    # Unique identifier for the chat-room\n  name: String!               # Name of the chat-room\n  description: String         # Optional description of the chat-room\n  createdAt: DateTime!        # Timestamp of when the chat-room was created\n  createdBy: ID!             # Agent ID of the user who created the chat-room\n  messages: [Message!]!       # List of messages in the chat-room\n}\n\ntype Message {\n  id: OID!                    # Unique identifier for the message\n  senderId: ID!              # Agent ID of the message sender\n  content: String             # Message content\n  sentAt: DateTime!           # Timestamp of when the message was sent\n  reactions: [Reaction!]      # Reactions to the message\n}\n\ntype Reaction {\n  id: OID!                    # Unique identifier for the reaction\n  type: ReactionType!         # Type of reaction (one of the predefined emoji)\n  reactedBy: AID!             # Agent ID of the user who reacted\n  reactedAt: DateTime!        # Timestamp of the reaction\n}\n\nenum ReactionType {\n  THUMBS_UP\n  HEART\n  LAUGH\n  SAD\n  ANGRY\n}\n",
        "scope": "global"
      },
      "scope": "global",
      "id": "65683a1b-b3bb-47f7-907b-dddb85e71269",
      "index": 5,
      "timestamp": "2024-11-27T09:07:17.149Z",
      "hash": "Gu1G/1vK+gKdIyQ2zxso58dpbY0=",
      "skip": 0
    },
    {
      "type": "SET_STATE_SCHEMA",
      "input": {
        "schema": "type ChatRoomState {\n  id: OID!                    # Unique identifier for the chat-room\n  name: String!               # Name of the chat-room\n  description: String         # Optional description of the chat-room\n  createdAt: DateTime!        # Timestamp of when the chat-room was created\n  createdBy: ID!             # Agent ID of the user who created the chat-room\n  messages: [Message!]!       # List of messages in the chat-room\n}\n\ntype Message {\n  id: OID!                    # Unique identifier for the message\n  senderId: ID!              # Agent ID of the message sender\n  content: String             # Message content\n  sentAt: DateTime!           # Timestamp of when the message was sent\n  reactions: [Reaction!]      # Reactions to the message\n}\n\ntype Reaction {\n  id: OID!                    # Unique identifier for the reaction\n  type: ReactionType!         # Type of reaction (one of the predefined emoji)\n  reactedBy: ID!             # Agent ID of the user who reacted\n  reactedAt: DateTime!        # Timestamp of the reaction\n}\n\nenum ReactionType {\n  THUMBS_UP\n  HEART\n  LAUGH\n  SAD\n  ANGRY\n}\n",
        "scope": "global"
      },
      "scope": "global",
      "id": "9ac6195e-7a26-4c16-bd72-df50a4b15941",
      "index": 6,
      "timestamp": "2024-11-27T09:07:22.719Z",
      "hash": "8YVdQEsbsi5dcUzpSrGE5FFiYdQ=",
      "skip": 0
    },
    {
      "type": "SET_STATE_SCHEMA",
      "input": {
        "schema": "type ChatRoomState {\n  id: OID!                    # Unique identifier for the chat-room\n  name: String!               # Name of the chat-room\n  description: String         # Optional description of the chat-room\n  createdAt: DateTime!        # Timestamp of when the chat-room was created\n  createdBy: ID!             # Agent ID of the user who created the chat-room\n  messages: [Message!]!       # List of messages in the chat-room\n}\n\n\n}\n",
        "scope": "global"
      },
      "scope": "global",
      "id": "b03bc750-4725-4ae1-bd5e-f1022c1eafb2",
      "index": 7,
      "timestamp": "2024-11-27T09:07:44.451Z",
      "hash": "geui5vIu3NA86jEgiR3ZEfrynA0=",
      "skip": 0
    },
    {
      "type": "SET_STATE_SCHEMA",
      "input": {
        "schema": "type ChatRoomState {\n  id: OID!                    # Unique identifier for the chat-room\n  name: String!               # Name of the chat-room\n  description: String         # Optional description of the chat-room\n  createdAt: DateTime!        # Timestamp of when the chat-room was created\n  createdBy: ID!             # Agent ID of the user who created the chat-room\n  messages: [Message!]!       # List of messages in the chat-room\n}\n\n",
        "scope": "global"
      },
      "scope": "global",
      "id": "4e3f5937-5c1f-4a5c-8baf-c59c4d81dfdd",
      "index": 8,
      "timestamp": "2024-11-27T09:07:47.249Z",
      "hash": "Gx8DNt0mpBQ+recNnj2hzC23j14=",
      "skip": 0
    },
    {
      "type": "SET_STATE_SCHEMA",
      "input": {
        "schema": "type ChatRoomState {\n  id: OID!                    # Unique identifier for the chat-room\n  name: String!               # Name of the chat-room\n  description: String         # Optional description of the chat-room\n  createdAt: DateTime!        # Timestamp of when the chat-room was created\n  createdBy: ID!             # Agent ID of the user who created the chat-room\n  messages: [Message!]!       # List of messages in the chat-room\n}\n",
        "scope": "global"
      },
      "scope": "global",
      "id": "473c0647-7b8c-46f3-b404-afc0c5d9523f",
      "index": 9,
      "timestamp": "2024-11-27T09:07:47.818Z",
      "hash": "cakPXTHvVGi+Rfs+XTfqt9Y6WtU=",
      "skip": 0
    },
    {
      "type": "SET_STATE_SCHEMA",
      "input": {
        "schema": "type ChatRoomState {\n  id: OID!                    # Unique identifier for the chat-room\n  name: String!               # Name of the chat-room\n  description: String         # Optional description of the chat-room\n  createdAt: DateTime!        # Timestamp of when the chat-room was created\n  createdBy: ID!             # Agent ID of the user who created the chat-room\n",
        "scope": "global"
      },
      "scope": "global",
      "id": "66ab3598-6323-4713-a671-d43225c2653f",
      "index": 10,
      "timestamp": "2024-11-27T09:07:54.161Z",
      "hash": "tz9k4SS9dXbX1rTI2AxW0xN3m/Q=",
      "skip": 0
    },
    {
      "type": "SET_STATE_SCHEMA",
      "input": {
        "schema": "type ChatRoomState {\n  id: OID!                    # Unique identifier for the chat-room\n  name: String!               # Name of the chat-room\n  description: String         # Optional description of the chat-room\n  createdAt: DateTime!        # Timestamp of when the chat-room was created\n  createdBy: ID!             # Agent ID of the user who created the chat-room\n  {}",
        "scope": "global"
      },
      "scope": "global",
      "id": "f604dea9-9028-4bee-a700-5d575f19d808",
      "index": 11,
      "timestamp": "2024-11-27T09:07:58.430Z",
      "hash": "LOP5ww3I8/TCCnqPwDIzk/ZszHE=",
      "skip": 0
    },
    {
      "type": "SET_STATE_SCHEMA",
      "input": {
        "schema": "type ChatRoomState {\n  id: OID!                    # Unique identifier for the chat-room\n  name: String!               # Name of the chat-room\n  description: String         # Optional description of the chat-room\n  createdAt: DateTime!        # Timestamp of when the chat-room was created\n  createdBy: ID!             # Agent ID of the user who created the chat-room\n  ",
        "scope": "global"
      },
      "scope": "global",
      "id": "365b208f-8a27-41b5-80d5-20dfa72eb0ed",
      "index": 12,
      "timestamp": "2024-11-27T09:07:59.273Z",
      "hash": "iJOJwx86hFJ8dXAkfFPY8fpJTGk=",
      "skip": 0
    },
    {
      "type": "SET_STATE_SCHEMA",
      "input": {
        "schema": "type ChatRoomState {\n  id: OID!                    # Unique identifier for the chat-room\n  name: String!               # Name of the chat-room\n  description: String         # Optional description of the chat-room\n  createdAt: DateTime!        # Timestamp of when the chat-room was created\n  createdBy: ID!             # Agent ID of the user who created the chat-room\n  {{}}",
        "scope": "global"
      },
      "scope": "global",
      "id": "48193ee5-5957-48d9-ae52-1a1acea0d44d",
      "index": 13,
      "timestamp": "2024-11-27T09:08:00.564Z",
      "hash": "ENm8279vnwEHIDF+2mtZ+XOCVnY=",
      "skip": 0
    },
    {
      "type": "SET_STATE_SCHEMA",
      "input": {
        "schema": "type ChatRoomState {\n  id: OID!                    # Unique identifier for the chat-room\n  name: String!               # Name of the chat-room\n  description: String         # Optional description of the chat-room\n  createdAt: DateTime!        # Timestamp of when the chat-room was created\n  createdBy: ID!             # Agent ID of the user who created the chat-room\n  {}",
        "scope": "global"
      },
      "scope": "global",
      "id": "6c0f0b02-7290-48ce-8062-5fe8c9686ac8",
      "index": 14,
      "timestamp": "2024-11-27T09:08:01.220Z",
      "hash": "LOP5ww3I8/TCCnqPwDIzk/ZszHE=",
      "skip": 0
    },
    {
      "type": "SET_STATE_SCHEMA",
      "input": {
        "schema": "type ChatRoomState {\n  id: OID!                    # Unique identifier for the chat-room\n  name: String!               # Name of the chat-room\n  description: String         # Optional description of the chat-room\n  createdAt: DateTime!        # Timestamp of when the chat-room was created\n  createdBy: ID!             # Agent ID of the user who created the chat-room\n  ",
        "scope": "global"
      },
      "scope": "global",
      "id": "bac146a9-2b80-4a0f-af3d-8c87cca29085",
      "index": 15,
      "timestamp": "2024-11-27T09:08:03.041Z",
      "hash": "iJOJwx86hFJ8dXAkfFPY8fpJTGk=",
      "skip": 0
    },
    {
      "type": "SET_STATE_SCHEMA",
      "input": {
        "schema": "type ChatRoomState {\n  id: OID!                    # Unique identifier for the chat-room\n  name: String!               # Name of the chat-room\n  description: String         # Optional description of the chat-room\n  createdAt: DateTime!        # Timestamp of when the chat-room was created\n  createdBy: ID!             # Agent ID of the user who created the chat-room\n  {}",
        "scope": "global"
      },
      "scope": "global",
      "id": "b1d174bc-ffa0-4877-a0ab-ec6176bb5d81",
      "index": 16,
      "timestamp": "2024-11-27T09:08:04.522Z",
      "hash": "LOP5ww3I8/TCCnqPwDIzk/ZszHE=",
      "skip": 0
    },
    {
      "type": "SET_STATE_SCHEMA",
      "input": {
        "schema": "type ChatRoomState {\n  id: OID!                    # Unique identifier for the chat-room\n  name: String!               # Name of the chat-room\n  description: String         # Optional description of the chat-room\n  createdAt: DateTime!        # Timestamp of when the chat-room was created\n  createdBy: ID!             # Agent ID of the user who created the chat-room\n  {",
        "scope": "global"
      },
      "scope": "global",
      "id": "18f79bbe-29fd-4910-a42f-4003ef7c2aa1",
      "index": 17,
      "timestamp": "2024-11-27T09:08:06.088Z",
      "hash": "LU2YswfDZUd6bMKfeUWWkQ/J3Jg=",
      "skip": 0
    },
    {
      "type": "SET_STATE_SCHEMA",
      "input": {
        "schema": "type ChatRoomState {\n  id: OID!                    # Unique identifier for the chat-room\n  name: String!               # Name of the chat-room\n  description: String         # Optional description of the chat-room\n  createdAt: DateTime!        # Timestamp of when the chat-room was created\n  createdBy: ID!             # Agent ID of the user who created the chat-room\n  {đ",
        "scope": "global"
      },
      "scope": "global",
      "id": "ce10842b-86a4-4ed1-b7db-cba84b3d3bb7",
      "index": 18,
      "timestamp": "2024-11-27T09:08:08.983Z",
      "hash": "djVz4otfJDrsLKEtmZepZ+OPoy8=",
      "skip": 0
    },
    {
      "type": "SET_STATE_SCHEMA",
      "input": {
        "schema": "type ChatRoomState {\n  id: OID!                    # Unique identifier for the chat-room\n  name: String!               # Name of the chat-room\n  description: String         # Optional description of the chat-room\n  createdAt: DateTime!        # Timestamp of when the chat-room was created\n  createdBy: ID!             # Agent ID of the user who created the chat-room\n  {đđ",
        "scope": "global"
      },
      "scope": "global",
      "id": "3a94d8c0-b0eb-488e-8064-6c2105ddd4c7",
      "index": 19,
      "timestamp": "2024-11-27T09:08:09.509Z",
      "hash": "1h2d6aHKOS2Sh9vasV6QCiSLMy0=",
      "skip": 0
    },
    {
      "type": "SET_STATE_SCHEMA",
      "input": {
        "schema": "type ChatRoomState {\n  id: OID!                    # Unique identifier for the chat-room\n  name: String!               # Name of the chat-room\n  description: String         # Optional description of the chat-room\n  createdAt: DateTime!        # Timestamp of when the chat-room was created\n  createdBy: ID!             # Agent ID of the user who created the chat-room\n  ",
        "scope": "global"
      },
      "scope": "global",
      "id": "97d5390e-e989-41ea-abd8-a8a40fce3d36",
      "index": 20,
      "timestamp": "2024-11-27T09:08:10.527Z",
      "hash": "iJOJwx86hFJ8dXAkfFPY8fpJTGk=",
      "skip": 0
    },
    {
      "type": "SET_STATE_SCHEMA",
      "input": {
        "schema": "type ChatRoomState {\n  id: OID!                    # Unique identifier for the chat-room\n  name: String!               # Name of the chat-room\n  description: String         # Optional description of the chat-room\n  createdAt: DateTime!        # Timestamp of when the chat-room was created\n  createdBy: ID!             # Agent ID of the user who created the chat-room\n\n\n  ",
        "scope": "global"
      },
      "scope": "global",
      "id": "1e70cba8-5d11-45d7-9fd7-99cccd7f88af",
      "index": 21,
      "timestamp": "2024-11-27T09:08:11.870Z",
      "hash": "isujwk8RjUNIDmf1C9CxoKmOQn0=",
      "skip": 0
    },
    {
      "type": "SET_STATE_SCHEMA",
      "input": {
        "schema": "type ChatRoomState {\n  id: OID!                    # Unique identifier for the chat-room\n  name: String!               # Name of the chat-room\n  description: String         # Optional description of the chat-room\n  createdAt: DateTime!        # Timestamp of when the chat-room was created\n  createdBy: ID!             # Agent ID of the user who created the chat-room\n\n\n  {}",
        "scope": "global"
      },
      "scope": "global",
      "id": "4a5879b3-94f0-4ea7-8493-a2631839bac3",
      "index": 22,
      "timestamp": "2024-11-27T09:08:13.358Z",
      "hash": "3v+Y0/ecMaiq9brw1L4iRN0tiyo=",
      "skip": 0
    },
    {
      "type": "SET_STATE_SCHEMA",
      "input": {
        "schema": "type ChatRoomState {\n  id: OID!                    # Unique identifier for the chat-room\n  name: String!               # Name of the chat-room\n  description: String         # Optional description of the chat-room\n  createdAt: DateTime!        # Timestamp of when the chat-room was created\n  createdBy: ID!             # Agent ID of the user who created the chat-room\n\n\n  {{}}",
        "scope": "global"
      },
      "scope": "global",
      "id": "da0b8bde-a68e-4544-9244-9f9274de4857",
      "index": 23,
      "timestamp": "2024-11-27T09:08:13.966Z",
      "hash": "5g3GWDE6keJP4Xeqf5Q7NeYDJG0=",
      "skip": 0
    },
    {
      "type": "SET_STATE_SCHEMA",
      "input": {
        "schema": "type ChatRoomState {\n  id: OID!                    # Unique identifier for the chat-room\n  name: String!               # Name of the chat-room\n  description: String         # Optional description of the chat-room\n  createdAt: DateTime!        # Timestamp of when the chat-room was created\n  createdBy: ID!             # Agent ID of the user who created the chat-room\n\n\n  {",
        "scope": "global"
      },
      "scope": "global",
      "id": "043ce2c8-643c-4a7d-8447-f53d97480b79",
      "index": 24,
      "timestamp": "2024-11-27T09:08:16.933Z",
      "hash": "BVBErB9vNRayOhf1yTziZoT4Q3I=",
      "skip": 0
    },
    {
      "type": "SET_STATE_SCHEMA",
      "input": {
        "schema": "type ChatRoomState {\n  id: OID!                    # Unique identifier for the chat-room\n  name: String!               # Name of the chat-room\n  description: String         # Optional description of the chat-room\n  createdAt: DateTime!        # Timestamp of when the chat-room was created\n  createdBy: ID!             # Agent ID of the user who created the chat-room\n\n\n",
        "scope": "global"
      },
      "scope": "global",
      "id": "a26b4402-83b5-4212-bc5a-b7aad3c641c9",
      "index": 25,
      "timestamp": "2024-11-27T09:08:18.689Z",
      "hash": "uMkZp2JyLFawRzeojZzV4qp0Ae0=",
      "skip": 0
    },
    {
      "type": "SET_STATE_SCHEMA",
      "input": {
        "schema": "\n\ngraphql\nCopy code\ntype ChatRoomState {\n  id: OID!                    # Unique identifier for the chat-room\n  name: String!               # Name of the chat-room\n  description: String         # Optional description of the chat-room\n  createdAt: DateTime!        # Timestamp of when the chat-room was created\n  createdBy: AID!             # Agent ID of the user who created the chat-room\n  messages: [Message!]!       # List of messages in the chat-room\n}",
        "scope": "global"
      },
      "scope": "global",
      "id": "4114d30e-a2d3-4eb9-92c7-0a1b19a8b994",
      "index": 26,
      "timestamp": "2024-11-27T09:08:25.027Z",
      "hash": "bb1UYsw6KxFdCvTL74Tn3khvNSA=",
      "skip": 0
    },
    {
      "type": "SET_STATE_SCHEMA",
      "input": {
        "schema": "\ngraphql\nCopy code\ntype ChatRoomState {\n  id: OID!                    # Unique identifier for the chat-room\n  name: String!               # Name of the chat-room\n  description: String         # Optional description of the chat-room\n  createdAt: DateTime!        # Timestamp of when the chat-room was created\n  createdBy: AID!             # Agent ID of the user who created the chat-room\n  messages: [Message!]!       # List of messages in the chat-room\n}",
        "scope": "global"
      },
      "scope": "global",
      "id": "76051281-e95c-436d-8c8e-bd6820aab5c0",
      "index": 27,
      "timestamp": "2024-11-27T09:08:26.331Z",
      "hash": "kz+MttVjGZN7HqjPohyRFzfPu9Y=",
      "skip": 0
    },
    {
      "type": "SET_STATE_SCHEMA",
      "input": {
        "schema": "\n\nCopy code\ntype ChatRoomState {\n  id: OID!                    # Unique identifier for the chat-room\n  name: String!               # Name of the chat-room\n  description: String         # Optional description of the chat-room\n  createdAt: DateTime!        # Timestamp of when the chat-room was created\n  createdBy: AID!             # Agent ID of the user who created the chat-room\n  messages: [Message!]!       # List of messages in the chat-room\n}",
        "scope": "global"
      },
      "scope": "global",
      "id": "2f512fda-95ac-4ea8-af6a-50521d3cbd23",
      "index": 28,
      "timestamp": "2024-11-27T09:08:27.502Z",
      "hash": "lhdxVZNJfYfykWRRpbydZuzOJy0=",
      "skip": 0
    },
    {
      "type": "SET_STATE_SCHEMA",
      "input": {
        "schema": "\ntype ChatRoomState {\n  id: OID!                    # Unique identifier for the chat-room\n  name: String!               # Name of the chat-room\n  description: String         # Optional description of the chat-room\n  createdAt: DateTime!        # Timestamp of when the chat-room was created\n  createdBy: AID!             # Agent ID of the user who created the chat-room\n  messages: [Message!]!       # List of messages in the chat-room\n}",
        "scope": "global"
      },
      "scope": "global",
      "id": "ba0eac84-0b09-493d-aa01-11388a236138",
      "index": 29,
      "timestamp": "2024-11-27T09:08:28.695Z",
      "hash": "8dPxAYU/czkbr0kpIzwX3/SBLcY=",
      "skip": 0
    },
    {
      "type": "SET_STATE_SCHEMA",
      "input": {
        "schema": "\ntype ChatRoomState {\n  id: OID!                    # Unique identifier for the chat-room\n  name: String!               # Name of the chat-room\n  description: String         # Optional description of the chat-room\n  createdAt: DateTime!        # Timestamp of when the chat-room was created\n  createdBy: ID!             # Agent ID of the user who created the chat-room\n  messages: [Message!]!       # List of messages in the chat-room\n}",
        "scope": "global"
      },
      "scope": "global",
      "id": "ad58d2d4-84c6-454f-bfb9-c2aad77ddf5b",
      "index": 30,
      "timestamp": "2024-11-27T09:08:31.755Z",
      "hash": "63iZypjVnnQniu2JSu5dJte8sjk=",
      "skip": 0
    },
    {
      "type": "SET_STATE_SCHEMA",
      "input": {
        "schema": "\ntype ChatRoomState {\n  id: OID!                    # Unique identifier for the chat-room\n  name: String!               # Name of the chat-room\n  description: String         # Optional description of the chat-room\n  createdAt: DateTime!        # Timestamp of when the chat-room was created\n  createdBy: IID!             # Agent ID of the user who created the chat-room\n  messages: [Message!]!       # List of messages in the chat-room\n}",
        "scope": "global"
      },
      "scope": "global",
      "id": "ac1e51ba-1eaf-466c-9112-a62ef5dddb6e",
      "index": 31,
      "timestamp": "2024-11-27T09:08:33.142Z",
      "hash": "b5D128K2yuM37xc08fsCuTi47Yw=",
      "skip": 0
    },
    {
      "type": "SET_STATE_SCHEMA",
      "input": {
        "schema": "\ntype ChatRoomState {\n  id: OID!                    # Unique identifier for the chat-room\n  name: String!               # Name of the chat-room\n  description: String         # Optional description of the chat-room\n  createdAt: DateTime!        # Timestamp of when the chat-room was created\n  createdBy: ID!             # Agent ID of the user who created the chat-room\n  messages: [Message!]!       # List of messages in the chat-room\n}",
        "scope": "global"
      },
      "scope": "global",
      "id": "3cd87cea-217f-461c-9eef-0e86fbba289d",
      "index": 32,
      "timestamp": "2024-11-27T09:08:33.685Z",
      "hash": "63iZypjVnnQniu2JSu5dJte8sjk=",
      "skip": 0
    },
    {
      "type": "SET_STATE_SCHEMA",
      "input": {
        "schema": "type ChatRoomState {\n  id: OID!                    # Unique identifier for the chat-room\n  name: String!               # Name of the chat-room\n  description: String         # Optional description of the chat-room\n  createdAt: DateTime!        # Timestamp of when the chat-room was created\n  createdBy: AID!             # Agent ID of the user who created the chat-room\n  messages: [Message!]!       # List of messages in the chat-room\n}\n\ntype Message {\n  id: OID!                    # Unique identifier for the message\n  senderId: AID!              # Agent ID of the message sender\n  content: String             # Message content\n  sentAt: DateTime!           # Timestamp of when the message was sent\n  reactions: [Reaction!]      # Reactions to the message\n}\n\ntype Reaction {\n  id: OID!                    # Unique identifier for the reaction\n  type: String                # Type of reaction (e.g., emoji or custom type)\n  reactedBy: AID!             # Agent ID of the user who reacted\n  reactedAt: DateTime!        # Timestamp of the reaction\n}\n",
        "scope": "global"
      },
      "scope": "global",
      "id": "03d0a502-5173-48f2-9e06-b77310573ecf",
      "index": 33,
      "timestamp": "2024-11-27T09:08:52.571Z",
      "hash": "qHqxHgCX0zfuif3ZORvhj4ejEGI=",
      "skip": 0
    },
    {
      "type": "SET_STATE_SCHEMA",
      "input": {
        "schema": "type ChatRoomState {\n  id: OID!                    # Unique identifier for the chat-room\n  name: String!               # Name of the chat-room\n  description: String         # Optional description of the chat-room\n  createdAt: DateTime!        # Timestamp of when the chat-room was created\n  createdBy: ID!             # Agent ID of the user who created the chat-room\n  messages: [Message!]!       # List of messages in the chat-room\n}\n\ntype Message {\n  id: OID!                    # Unique identifier for the message\n  senderId: AID!              # Agent ID of the message sender\n  content: String             # Message content\n  sentAt: DateTime!           # Timestamp of when the message was sent\n  reactions: [Reaction!]      # Reactions to the message\n}\n\ntype Reaction {\n  id: OID!                    # Unique identifier for the reaction\n  type: String                # Type of reaction (e.g., emoji or custom type)\n  reactedBy: AID!             # Agent ID of the user who reacted\n  reactedAt: DateTime!        # Timestamp of the reaction\n}\n",
        "scope": "global"
      },
      "scope": "global",
      "id": "9d7d1c74-3052-47da-8ff0-a37921f9facd",
      "index": 34,
      "timestamp": "2024-11-27T09:08:56.038Z",
      "hash": "jflaReOTEOI/Ij5XU2h9E76a93E=",
      "skip": 0
    },
    {
      "type": "SET_STATE_SCHEMA",
      "input": {
        "schema": "type ChatRoomState {\n  id: OID!                    # Unique identifier for the chat-room\n  name: String!               # Name of the chat-room\n  description: String         # Optional description of the chat-room\n  createdAt: DateTime!        # Timestamp of when the chat-room was created\n  createdBy: ID!             # Agent ID of the user who created the chat-room\n  messages: [Message!]!       # List of messages in the chat-room\n}\n\ntype Message {\n  id: OID!                    # Unique identifier for the message\n  senderId: ID!              # Agent ID of the message sender\n  content: String             # Message content\n  sentAt: DateTime!           # Timestamp of when the message was sent\n  reactions: [Reaction!]      # Reactions to the message\n}\n\ntype Reaction {\n  id: OID!                    # Unique identifier for the reaction\n  type: String                # Type of reaction (e.g., emoji or custom type)\n  reactedBy: AID!             # Agent ID of the user who reacted\n  reactedAt: DateTime!        # Timestamp of the reaction\n}\n",
        "scope": "global"
      },
      "scope": "global",
      "id": "96fe58af-81e1-4cab-a35b-533e7e922d75",
      "index": 35,
      "timestamp": "2024-11-27T09:08:57.714Z",
      "hash": "Wfd5awKTiiKR306llKK8868EiTQ=",
      "skip": 0
    },
    {
      "type": "SET_STATE_SCHEMA",
      "input": {
        "schema": "type ChatRoomState {\n  id: OID!                    # Unique identifier for the chat-room\n  name: String!               # Name of the chat-room\n  description: String         # Optional description of the chat-room\n  createdAt: DateTime!        # Timestamp of when the chat-room was created\n  createdBy: ID!             # Agent ID of the user who created the chat-room\n  messages: [Message!]!       # List of messages in the chat-room\n}\n\ntype Message {\n  id: OID!                    # Unique identifier for the message\n  senderId: ID!              # Agent ID of the message sender\n  content: String             # Message content\n  sentAt: DateTime!           # Timestamp of when the message was sent\n  reactions: [Reaction!]      # Reactions to the message\n}\n\ntype Reaction {\n  id: OID!                    # Unique identifier for the reaction\n  type: String                # Type of reaction (e.g., emoji or custom type)\n  reactedBy: ID!             # Agent ID of the user who reacted\n  reactedAt: DateTime!        # Timestamp of the reaction\n}\n",
        "scope": "global"
      },
      "scope": "global",
      "id": "f0b6291d-3111-41e5-bd6f-4760910d42fb",
      "index": 36,
      "timestamp": "2024-11-27T09:08:59.535Z",
      "hash": "LW6w7Nqiyy7UDsw38xl+55yQQEY=",
      "skip": 0
    },
    {
      "type": "SET_STATE_SCHEMA",
      "input": {
        "schema": "type ChatRoomState {\n  id: OID!                    # Unique identifier for the chat-room\n  name: String!               # Name of the chat-room\n  description: String         # Optional description of the chat-room\n  createdAt: DateTime!        # Timestamp of when the chat-room was created\n  createdBy: AID!             # Agent ID of the user who created the chat-room\n  messages: [Message!]!       # List of messages in the chat-room\n}\n\ntype Message {\n  id: OID!                    # Unique identifier for the message\n  senderId: AID!              # Agent ID of the message sender\n  content: String             # Message content\n  sentAt: DateTime!           # Timestamp of when the message was sent\n  reactions: [Reaction!]      # Reactions to the message\n}\n\ntype Reaction {\n  id: OID!                    # Unique identifier for the reaction\n  type: ReactionType!         # Type of reaction (one of the predefined emoji)\n  reactedBy: AID!             # Agent ID of the user who reacted\n  reactedAt: DateTime!        # Timestamp of the reaction\n}\n\nenum ReactionType {\n  THUMBS_UP\n  HEART\n  LAUGH\n  SAD\n  ANGRY\n}\n",
        "scope": "global"
      },
      "scope": "global",
      "id": "f264575a-cd6b-4927-a763-edb4970c0965",
      "index": 37,
      "timestamp": "2024-11-27T09:09:35.653Z",
      "hash": "8DgxyQLwm/GkopQTF83ueUqDoC0=",
      "skip": 0
    },
    {
      "type": "SET_STATE_SCHEMA",
      "input": {
        "schema": "type ChatRoomState {\n  id: OID!                    # Unique identifier for the chat-room\n  name: String!               # Name of the chat-room\n  description: String         # Optional description of the chat-room\n  createdAt: DateTime!        # Timestamp of when the chat-room was created\n  createdBy: ID!             # Agent ID of the user who created the chat-room\n  messages: [Message!]!       # List of messages in the chat-room\n}\n\ntype Message {\n  id: OID!                    # Unique identifier for the message\n  senderId: AID!              # Agent ID of the message sender\n  content: String             # Message content\n  sentAt: DateTime!           # Timestamp of when the message was sent\n  reactions: [Reaction!]      # Reactions to the message\n}\n\ntype Reaction {\n  id: OID!                    # Unique identifier for the reaction\n  type: ReactionType!         # Type of reaction (one of the predefined emoji)\n  reactedBy: AID!             # Agent ID of the user who reacted\n  reactedAt: DateTime!        # Timestamp of the reaction\n}\n\nenum ReactionType {\n  THUMBS_UP\n  HEART\n  LAUGH\n  SAD\n  ANGRY\n}\n",
        "scope": "global"
      },
      "scope": "global",
      "id": "5c464b74-84f6-4571-9c32-7e832febf412",
      "index": 38,
      "timestamp": "2024-11-27T09:09:37.799Z",
      "hash": "M2n3P26wRxbsVc3mhqvNno4acVM=",
      "skip": 0
    },
    {
      "type": "SET_STATE_SCHEMA",
      "input": {
        "schema": "type ChatRoomState {\n  id: OID!                    # Unique identifier for the chat-room\n  name: String!               # Name of the chat-room\n  description: String         # Optional description of the chat-room\n  createdAt: DateTime!        # Timestamp of when the chat-room was created\n  createdBy: ID!             # Agent ID of the user who created the chat-room\n  messages: [Message!]!       # List of messages in the chat-room\n}\n\ntype Message {\n  id: OID!                    # Unique identifier for the message\n  senderId: ID!              # Agent ID of the message sender\n  content: String             # Message content\n  sentAt: DateTime!           # Timestamp of when the message was sent\n  reactions: [Reaction!]      # Reactions to the message\n}\n\ntype Reaction {\n  id: OID!                    # Unique identifier for the reaction\n  type: ReactionType!         # Type of reaction (one of the predefined emoji)\n  reactedBy: AID!             # Agent ID of the user who reacted\n  reactedAt: DateTime!        # Timestamp of the reaction\n}\n\nenum ReactionType {\n  THUMBS_UP\n  HEART\n  LAUGH\n  SAD\n  ANGRY\n}\n",
        "scope": "global"
      },
      "scope": "global",
      "id": "98f6b659-d0c1-45b7-a333-cbdb370ca510",
      "index": 39,
      "timestamp": "2024-11-27T09:09:39.474Z",
      "hash": "Gu1G/1vK+gKdIyQ2zxso58dpbY0=",
      "skip": 0
    },
    {
      "type": "SET_STATE_SCHEMA",
      "input": {
        "schema": "type ChatRoomState {\n  id: OID!                    # Unique identifier for the chat-room\n  name: String!               # Name of the chat-room\n  description: String         # Optional description of the chat-room\n  createdAt: DateTime!        # Timestamp of when the chat-room was created\n  createdBy: ID!             # Agent ID of the user who created the chat-room\n  messages: [Message!]!       # List of messages in the chat-room\n}\n\ntype Message {\n  id: OID!                    # Unique identifier for the message\n  senderId: ID!              # Agent ID of the message sender\n  content: String             # Message content\n  sentAt: DateTime!           # Timestamp of when the message was sent\n  reactions: [Reaction!]      # Reactions to the message\n}\n\ntype Reaction {\n  id: OID!                    # Unique identifier for the reaction\n  type: ReactionType!         # Type of reaction (one of the predefined emoji)\n  reactedBy: ID!             # Agent ID of the user who reacted\n  reactedAt: DateTime!        # Timestamp of the reaction\n}\n\nenum ReactionType {\n  THUMBS_UP\n  HEART\n  LAUGH\n  SAD\n  ANGRY\n}\n",
        "scope": "global"
      },
      "scope": "global",
      "id": "a730f43d-99d6-462d-9000-bc97a7916202",
      "index": 40,
      "timestamp": "2024-11-27T09:09:41.095Z",
      "hash": "8YVdQEsbsi5dcUzpSrGE5FFiYdQ=",
      "skip": 0
    },
    {
      "type": "ADD_MODULE",
      "input": {
        "id": "yQcX7iHwXROyggN68rBTnJw+kT4=",
        "name": "add_message"
      },
      "scope": "global",
      "id": "450f8a68-591b-42a7-a72a-735e3b91128c",
      "index": 41,
      "timestamp": "2024-11-27T09:10:56.737Z",
      "hash": "joozMt5TvcqMP2jyKatCQCMk2Fw=",
      "skip": 0
    },
    {
      "type": "ADD_OPERATION",
      "input": {
        "id": "glNAxGKT8rX0CexyoE9ijiX3UUY=",
        "moduleId": "yQcX7iHwXROyggN68rBTnJw+kT4=",
        "name": "INPUT_ADD_MESSAGE_INPUT_CHAT_ROOM_ID_OID_ID_OF_THE_CHAT_ROOM_WHERE_THE_MESSAGE_IS_BEING_ADDED_SENDER_ID_AID_ID_OF_THE_USER_SENDING_THE_MESSAGE_CONTENT_STRING_CONTENT_OF_THE_MESSAGE"
      },
      "scope": "global",
      "id": "7a9626a0-0ed1-46d9-895b-827f00fc187b",
      "index": 42,
      "timestamp": "2024-11-27T09:11:05.743Z",
      "hash": "VVBSRqcCq9RDp8zvtG0NT19NnpI=",
      "skip": 0
    },
    {
      "type": "SET_OPERATION_SCHEMA",
      "input": {
        "id": "glNAxGKT8rX0CexyoE9ijiX3UUY=",
        "schema": "input InputAddMessageInputChatRoomIdOidIdOfTheChatRoomWhereTheMessageIsBeingAddedSenderIdAidIdOfTheUserSendingTheMessageContentStringContentOfTheMessageInput {\n  \"Add your inputs here\"\n  _placeholder: String\n}"
      },
      "scope": "global",
      "id": "c4ee3e1a-4396-4eab-9653-1d362b4e58d4",
      "index": 43,
      "timestamp": "2024-11-27T09:11:05.759Z",
      "hash": "TVNyJwY1HywCm42/ESfjAEpnacA=",
      "skip": 0
    },
    {
      "type": "DELETE_OPERATION",
      "input": {
        "id": "glNAxGKT8rX0CexyoE9ijiX3UUY="
      },
      "scope": "global",
      "id": "7b1ed69e-fe14-4dea-9c64-02612a3a0601",
      "index": 44,
      "timestamp": "2024-11-27T09:11:14.266Z",
      "hash": "joozMt5TvcqMP2jyKatCQCMk2Fw=",
      "skip": 0
    },
    {
      "type": "ADD_OPERATION",
      "input": {
        "id": "CM1WERQ60ao0QXMyivy76yiHEg8=",
        "moduleId": "yQcX7iHwXROyggN68rBTnJw+kT4=",
        "name": "INPUT_ADD_MESSAGE_INPUT_CHAT_ROOM_ID_OID_ID_OF_THE_CHAT_ROOM_WHERE_THE_MESSAGE_IS_BEING_ADDED_SENDER_ID_AID_ID_OF_THE_USER_SENDING_THE_MESSAGE_CONTENT_STRING_CONTENT_OF_THE_MESSAGE"
      },
      "scope": "global",
      "id": "67c9fb72-56ff-42d8-b714-a464649922cc",
      "index": 45,
      "timestamp": "2024-11-27T09:11:22.237Z",
      "hash": "a3/ksooXuQ18ypaWj8T5BXA7bqU=",
      "skip": 0
    },
    {
      "type": "SET_OPERATION_SCHEMA",
      "input": {
        "id": "CM1WERQ60ao0QXMyivy76yiHEg8=",
        "schema": "input InputAddMessageInputChatRoomIdOidIdOfTheChatRoomWhereTheMessageIsBeingAddedSenderIdAidIdOfTheUserSendingTheMessageContentStringContentOfTheMessageInput {\n  \"Add your inputs here\"\n  _placeholder: String\n}"
      },
      "scope": "global",
      "id": "4097a143-ace7-4eeb-aaad-bb48e8bbdc4d",
      "index": 46,
      "timestamp": "2024-11-27T09:11:22.252Z",
      "hash": "lFMsY2vPegw5uuam2WM1u7n/gGs=",
      "skip": 0
    },
    {
      "type": "DELETE_OPERATION",
      "input": {
        "id": "CM1WERQ60ao0QXMyivy76yiHEg8="
      },
      "scope": "global",
      "id": "472a99af-e8b8-4c03-929b-122e1ac3d3f7",
      "index": 47,
      "timestamp": "2024-11-27T09:11:37.082Z",
      "hash": "joozMt5TvcqMP2jyKatCQCMk2Fw=",
      "skip": 0
    },
    {
      "type": "ADD_OPERATION",
      "input": {
        "id": "J4YCMWOdND7cvaSFvsP15HG8I/w=",
        "moduleId": "yQcX7iHwXROyggN68rBTnJw+kT4=",
        "name": "INPUT_ADD_MESSAGE_INPUT"
      },
      "scope": "global",
      "id": "a6dd287e-7d9a-4197-978c-5a40321b046c",
      "index": 48,
      "timestamp": "2024-11-27T09:12:04.329Z",
      "hash": "P0ZYuBI0kv9UKFglobKUM+TbFzc=",
      "skip": 0
    },
    {
      "type": "SET_OPERATION_SCHEMA",
      "input": {
        "id": "J4YCMWOdND7cvaSFvsP15HG8I/w=",
        "schema": "input InputAddMessageInputInput {\n  \"Add your inputs here\"\n  _placeholder: String\n}"
      },
      "scope": "global",
      "id": "a5e3be2f-098a-4183-b27f-f10d50fa4548",
      "index": 49,
      "timestamp": "2024-11-27T09:12:04.344Z",
      "hash": "NU2l6p5D/0px4bntj+tQapvpRFE=",
      "skip": 0
    },
    {
      "type": "SET_OPERATION_NAME",
      "input": {
        "id": "J4YCMWOdND7cvaSFvsP15HG8I/w=",
        "name": "ADD_MESSAGE"
      },
      "scope": "global",
      "id": "786f642c-beaf-40c0-bb92-258823c0a3f7",
      "index": 50,
      "timestamp": "2024-11-27T09:12:15.677Z",
      "hash": "iMu9TBpQdhfrxBMUFbCBGyHHw4M=",
      "skip": 0
    },
    {
      "type": "DELETE_MODULE",
      "input": {
        "id": "yQcX7iHwXROyggN68rBTnJw+kT4="
      },
      "scope": "global",
      "id": "37267160-49b7-4c07-b26e-3202bf92b4c1",
      "index": 51,
      "timestamp": "2024-11-27T09:12:16.944Z",
      "hash": "8YVdQEsbsi5dcUzpSrGE5FFiYdQ=",
      "skip": 0
    },
    {
      "type": "ADD_MODULE",
      "input": {
        "id": "pI2axWEMqGs3K6HXTR+q/KwLxSg=",
        "name": "add_message"
      },
      "scope": "global",
      "id": "c026996e-c205-40f9-b11f-c66a9b7217a9",
      "index": 52,
      "timestamp": "2024-11-27T09:12:24.579Z",
      "hash": "Xh10p9Wtc6mYSo980zpgLYbyG00=",
      "skip": 0
    },
    {
      "type": "ADD_OPERATION",
      "input": {
        "id": "ZiVRr2Y3GKa0R6bVZufVIgI5IW4=",
        "moduleId": "pI2axWEMqGs3K6HXTR+q/KwLxSg=",
        "name": "ADD_MESSAGE"
      },
      "scope": "global",
      "id": "9c11bdec-e07e-4f03-82ee-d9acd6a8e06a",
      "index": 53,
      "timestamp": "2024-11-27T09:12:29.074Z",
      "hash": "uSWxFuSREzE1JVGBFzckeeY/Gq0=",
      "skip": 0
    },
    {
      "type": "SET_OPERATION_SCHEMA",
      "input": {
        "id": "ZiVRr2Y3GKa0R6bVZufVIgI5IW4=",
        "schema": "input AddMessageInput {\n  \"Add your inputs here\"\n  _placeholder: String\n}"
      },
      "scope": "global",
      "id": "8b3e8445-b6c3-4c33-8d40-423f2ca7d3cc",
      "index": 54,
      "timestamp": "2024-11-27T09:12:29.089Z",
      "hash": "mcNDoUks63yRoKaeb2KWU50Y07Y=",
      "skip": 0
    },
    {
      "type": "SET_OPERATION_DESCRIPTION",
      "input": {
        "id": "ZiVRr2Y3GKa0R6bVZufVIgI5IW4=",
        "description": "A message is created and sent to the chat-room. "
      },
      "scope": "global",
      "id": "be944a13-649d-4370-8d41-67107d9e317e",
      "index": 55,
      "timestamp": "2024-11-27T09:13:12.936Z",
      "hash": "i3LxWi7XiBNwINMtZ2V5u3hzjS8=",
      "skip": 0
    },
    {
      "type": "SET_OPERATION_SCHEMA",
      "input": {
        "id": "ZiVRr2Y3GKa0R6bVZufVIgI5IW4=",
        "schema": "input AddMessageInput {\n  chatRoomId: OID!        # ID of the chat-room where the message is being added\n  senderId: AID!          # ID of the user sending the message\n  content: String!        # Content of the message\n}"
      },
      "scope": "global",
      "id": "2a8bca71-3f2b-4f7b-a326-f2eaa94a77ba",
      "index": 56,
      "timestamp": "2024-11-27T09:13:22.450Z",
      "hash": "IH5aEpSPDAosZ2K66R8sh275kmw=",
      "skip": 0
    },
    {
      "type": "SET_OPERATION_SCHEMA",
      "input": {
        "id": "ZiVRr2Y3GKa0R6bVZufVIgI5IW4=",
        "schema": "input AddMessageInput {\n  chatRoomId: OID!        # ID of the chat-room where the message is being added\n  senderId: IID!          # ID of the user sending the message\n  content: String!        # Content of the message\n}"
      },
      "scope": "global",
      "id": "3cbe4552-0b4c-4a80-b27a-b8759315f9cc",
      "index": 57,
      "timestamp": "2024-11-27T09:13:25.716Z",
      "hash": "rtufC19PehyTM4FininXpq2lxf8=",
      "skip": 0
    },
    {
      "type": "SET_OPERATION_SCHEMA",
      "input": {
        "id": "ZiVRr2Y3GKa0R6bVZufVIgI5IW4=",
        "schema": "input AddMessageInput {\n  chatRoomId: OID!        # ID of the chat-room where the message is being added\n  senderId: ID!          # ID of the user sending the message\n  content: String!        # Content of the message\n}"
      },
      "scope": "global",
      "id": "285a8237-436a-49f1-abcb-ae05fded752a",
      "index": 58,
      "timestamp": "2024-11-27T09:13:27.869Z",
      "hash": "StcXx3teR/dhsy+fmZt0Wa3H784=",
      "skip": 0
    },
    {
      "type": "ADD_OPERATION",
      "input": {
        "id": "gVeRecdrNSqRuGNz85UbciPUUk8=",
        "moduleId": "pI2axWEMqGs3K6HXTR+q/KwLxSg=",
        "name": "ADD_EMOJI_REACTION"
      },
      "scope": "global",
      "id": "e4ee6fc3-3f15-4cbe-ad8b-a7df296e476a",
      "index": 59,
      "timestamp": "2024-11-27T09:14:05.942Z",
      "hash": "THo1+nOzR9x+uq4sBPpuOZE/Yck=",
      "skip": 0
    },
    {
      "type": "SET_OPERATION_SCHEMA",
      "input": {
        "id": "gVeRecdrNSqRuGNz85UbciPUUk8=",
        "schema": "input AddEmojiReactionInput {\n  \"Add your inputs here\"\n  _placeholder: String\n}"
      },
      "scope": "global",
      "id": "2b5446a7-1cd2-4f75-997e-b46ed05c3b32",
      "index": 60,
      "timestamp": "2024-11-27T09:14:05.962Z",
      "hash": "bA8HkWRq3n58cI9Cz4T1WuWTfnw=",
      "skip": 0
    },
    {
      "type": "SET_OPERATION_DESCRIPTION",
      "input": {
        "id": "gVeRecdrNSqRuGNz85UbciPUUk8=",
        "description": "Chat-room participant can react to the added messages. "
      },
      "scope": "global",
      "id": "f805df9a-8b87-4997-824e-d22141788801",
      "index": 61,
      "timestamp": "2024-11-27T09:14:36.622Z",
      "hash": "J73lXUVIidsR5mpt4S6pFpMpWrY=",
      "skip": 0
    },
    {
      "type": "SET_OPERATION_SCHEMA",
      "input": {
        "id": "gVeRecdrNSqRuGNz85UbciPUUk8=",
        "schema": "input AddEmojiReactionInput {\n  messageId: OID!         # ID of the message to which the reaction is being added\n  reactedBy: AID!         # ID of the user adding the reaction\n  type: ReactionType!     # Type of the reaction (emoji)\n}"
      },
      "scope": "global",
      "id": "9321a66f-2010-4673-bf21-93719c04a95b",
      "index": 62,
      "timestamp": "2024-11-27T09:14:41.680Z",
      "hash": "ywYzCMzdYsz1Mh+Q+jF40XiHbPA=",
      "skip": 0
    },
    {
      "type": "SET_OPERATION_SCHEMA",
      "input": {
        "id": "gVeRecdrNSqRuGNz85UbciPUUk8=",
        "schema": "input AddEmojiReactionInput {\n  messageId: OID!         # ID of the message to which the reaction is being added\n  reactedBy: ID!         # ID of the user adding the reaction\n  type: ReactionType!     # Type of the reaction (emoji)\n}"
      },
      "scope": "global",
      "id": "1fbf3501-5612-4d5d-a165-c8470c499e5d",
      "index": 63,
      "timestamp": "2024-11-27T09:14:44.059Z",
      "hash": "Z5/f2UfV+ES/aE33mIVfLQRn16s=",
      "skip": 0
    },
    {
      "type": "ADD_OPERATION_ERROR",
      "input": {
        "id": "4cMnJ3dCeovQN33dq0tjky9Z5X8=",
        "operationId": "ZiVRr2Y3GKa0R6bVZufVIgI5IW4=",
        "errorName": "SenderIdIsRequired"
      },
      "scope": "global",
      "id": "c3201c00-bdc6-4eef-8e02-e80df0b4dad1",
      "index": 64,
      "timestamp": "2024-11-27T09:15:11.515Z",
      "hash": "uL3Rh8uPQlGNIaw16/y5lLAtYlE=",
      "skip": 0
    },
    {
      "type": "ADD_OPERATION_ERROR",
      "input": {
        "id": "BQlJXztnelHuTVTgrwZ4n+1/5v8=",
        "operationId": "ZiVRr2Y3GKa0R6bVZufVIgI5IW4=",
        "errorName": "MessageContentCannotBeEmpty"
      },
      "scope": "global",
      "id": "94c30110-7d88-4fb4-844c-464455a98d7e",
      "index": 65,
      "timestamp": "2024-11-27T09:15:18.294Z",
      "hash": "LlhFGPgp5ODAWjzjTvemfLslF/s=",
      "skip": 0
    },
    {
      "type": "ADD_OPERATION_ERROR",
      "input": {
        "id": "kz5yjvp2fsU1AS4IgUBW9az2YcI=",
        "operationId": "ZiVRr2Y3GKa0R6bVZufVIgI5IW4=",
        "errorName": "MessageContentExceedsTheMaximumLength"
      },
      "scope": "global",
      "id": "00003914-c7a0-417a-b263-13e08c3cb3d0",
      "index": 66,
      "timestamp": "2024-11-27T09:15:25.207Z",
      "hash": "HdY42EmK9Ec6wcyE5q9ss/EWggs=",
      "skip": 0
    },
    {
      "type": "ADD_OPERATION_ERROR",
      "input": {
        "id": "BGmSP2sgt3+1PqHeNyc/qV38WJE=",
        "operationId": "gVeRecdrNSqRuGNz85UbciPUUk8=",
        "errorName": "MessageIdIsRequired"
      },
      "scope": "global",
      "id": "9afbce25-4319-49f9-a591-7d7202746887",
      "index": 67,
      "timestamp": "2024-11-27T09:15:34.949Z",
      "hash": "S6zP+Am14aQjtTQZ9ZePkoLMuG0=",
      "skip": 0
    },
    {
      "type": "DELETE_OPERATION_ERROR",
      "input": {
        "id": "BGmSP2sgt3+1PqHeNyc/qV38WJE="
      },
      "scope": "global",
      "id": "3fd5fb71-d2e7-41b5-b949-ad87f417a396",
      "index": 68,
      "timestamp": "2024-11-27T09:15:37.871Z",
      "hash": "HdY42EmK9Ec6wcyE5q9ss/EWggs=",
      "skip": 0
    },
    {
      "type": "DELETE_OPERATION_ERROR",
      "input": {
        "id": "4cMnJ3dCeovQN33dq0tjky9Z5X8="
      },
      "scope": "global",
      "id": "68363a41-85e8-4365-a5e3-76491b204ab0",
      "index": 69,
      "timestamp": "2024-11-27T09:15:56.657Z",
      "hash": "fClUKNpOqggFgZITUOh/CgXyt5M=",
      "skip": 0
    },
    {
      "type": "ADD_OPERATION_ERROR",
      "input": {
        "id": "Pdocy7E4XFEXvsFFZkYqyEZDezE=",
        "operationId": "ZiVRr2Y3GKa0R6bVZufVIgI5IW4=",
        "errorName": "ChatRoomIsLocked"
      },
      "scope": "global",
      "id": "b36fd487-21cc-4cea-bed8-0a72006467b3",
      "index": 70,
      "timestamp": "2024-11-27T09:16:36.200Z",
      "hash": "Z0A3jNE7J3Xw9FOudBr9DPxStPw=",
      "skip": 0
    },
    {
      "type": "ADD_OPERATION_ERROR",
      "input": {
        "id": "8KeHMLYn6boS8vuq1JRfUyVjReI=",
        "operationId": "ZiVRr2Y3GKa0R6bVZufVIgI5IW4=",
        "errorName": "FloodProtectionTooManyMessagesSentByTheUserInAShortTime"
      },
      "scope": "global",
      "id": "d6f26759-8b65-40ab-8891-0bef31b19bfa",
      "index": 71,
      "timestamp": "2024-11-27T09:16:43.226Z",
      "hash": "8wsNg9JxOUM7hKMhIYIU3QmTTFU=",
      "skip": 0
    },
    {
      "type": "ADD_OPERATION_ERROR",
      "input": {
        "id": "H31CcOVmpZp+axRQW4GVIa+K1vU=",
        "operationId": "ZiVRr2Y3GKa0R6bVZufVIgI5IW4=",
        "errorName": "BlockedSender"
      },
      "scope": "global",
      "id": "c0042e78-5a80-4f1d-bff6-2b61962d3da6",
      "index": 72,
      "timestamp": "2024-11-27T09:16:50.930Z",
      "hash": "BC5dFhmNHXnuYALGewFHjDi8ebo=",
      "skip": 0
    },
    {
      "type": "ADD_OPERATION_ERROR",
      "input": {
        "id": "+lvFo73nnDZMgSSeOf6Y2RXkOJ0=",
        "operationId": "gVeRecdrNSqRuGNz85UbciPUUk8=",
        "errorName": "ReactingToADeletedMessage"
      },
      "scope": "global",
      "id": "1f26845b-c1da-4255-910b-da1970c33d05",
      "index": 73,
      "timestamp": "2024-11-27T09:17:15.681Z",
      "hash": "PeiXzTsI0nuIT1WEcZhtmBC/9o0=",
      "skip": 0
    },
    {
      "type": "ADD_OPERATION_ERROR",
      "input": {
        "id": "x+OXYVPMZvbCcWiHq5mMjtTwg9k=",
        "operationId": "gVeRecdrNSqRuGNz85UbciPUUk8=",
        "errorName": "ReactingToAMessageInAClosedThread"
      },
      "scope": "global",
      "id": "3fd68048-4b74-4e7a-8e76-aad24712ef6d",
      "index": 74,
      "timestamp": "2024-11-27T09:17:23.447Z",
      "hash": "TLrkpy8GeG95YeVDzBxkv05Jdnc=",
      "skip": 0
    },
    {
      "type": "ADD_OPERATION_ERROR",
      "input": {
        "id": "IWE5enoV0M6D701UZFovpNnzFVA=",
        "operationId": "gVeRecdrNSqRuGNz85UbciPUUk8=",
        "errorName": "UserBlockedByTheMessageSender"
      },
      "scope": "global",
      "id": "adadc39d-7ae0-495b-b9fb-6ee165002f2b",
      "index": 75,
      "timestamp": "2024-11-27T09:17:34.722Z",
      "hash": "ymPbt421u4IEikb0rYbk6n+mmZQ=",
      "skip": 0
    },
    {
      "type": "SET_INITIAL_STATE",
      "input": {
        "initialValue": "{\n  \"id\": \"\",\n  \"name\": \"\",\n  \"description\": \"\",\n  \"createdAt\": \"2024-11-27T09:17:45.998Z\",\n  \"createdBy\": \"\",\n  \"messages\": []\n}",
        "scope": "global"
      },
      "scope": "global",
      "id": "3d9e8329-b03e-41b7-aec0-5b2d8aa91ad6",
      "index": 76,
      "timestamp": "2024-11-27T09:17:45.998Z",
      "hash": "FgqwLisqC2CAEQrnUomZk9M1LsA=",
      "skip": 0
    },
    {
      "type": "SET_STATE_SCHEMA",
      "input": {
        "schema": "type ChatRoomState {\n  id: OID!                    # Unique identifier for the chat-room\n  name: String!               # Name of the chat-room\n  description: String         # Optional description of the chat-room\n  createdAt: DateTime!        # Timestamp of when the chat-room was created\n  createdBy: ID!             # Agent ID of the user who created the chat-room\n  messages: [Message!]!       # List of messages in the chat-room\n}\n\ntype Message {\n  id: OID!                    # Unique identifier for the message\n  senderId: ID!              # Agent ID of the message sender\n  content: String             # Message content\n  sentAt: DateTime!           # Timestamp of when the message was sent\n  reactions: [Reaction!]      # Reactions to the message\n}\n\ntype Reaction {\n  id: OID!                    # Unique identifier for the reaction\n  type: ReactionType!         # Type of reaction (one of the predefined emoji)\n  reactedBy: ID!             # Agent ID of the user who reacted\n  reactedAt: DateTime!        # Timestamp of the reaction\n}\n\nenum ReactionType {\n  THUMBS_UP\n  THUMBD\n  LAUGH\n  SAD\n  ANGRY\n}\n",
        "scope": "global"
      },
      "scope": "global",
      "id": "f34c48f3-7ace-4b95-93f1-c0eef622c31d",
      "index": 77,
      "timestamp": "2024-11-27T09:18:18.504Z",
      "hash": "ENMi9YFRY6fqMrJyJXVQrCnD+cA=",
      "skip": 0
    },
    {
      "type": "SET_STATE_SCHEMA",
      "input": {
        "schema": "type ChatRoomState {\n  id: OID!                    # Unique identifier for the chat-room\n  name: String!               # Name of the chat-room\n  description: String         # Optional description of the chat-room\n  createdAt: DateTime!        # Timestamp of when the chat-room was created\n  createdBy: ID!             # Agent ID of the user who created the chat-room\n  messages: [Message!]!       # List of messages in the chat-room\n}\n\ntype Message {\n  id: OID!                    # Unique identifier for the message\n  senderId: ID!              # Agent ID of the message sender\n  content: String             # Message content\n  sentAt: DateTime!           # Timestamp of when the message was sent\n  reactions: [Reaction!]      # Reactions to the message\n}\n\ntype Reaction {\n  id: OID!                    # Unique identifier for the reaction\n  type: ReactionType!         # Type of reaction (one of the predefined emoji)\n  reactedBy: ID!             # Agent ID of the user who reacted\n  reactedAt: DateTime!        # Timestamp of the reaction\n}\n\nenum ReactionType {\n  THUMBS_UP\n  THUMBS_DOWN\n  LAUGH\n  SAD\n  ANGRY\n}\n",
        "scope": "global"
      },
      "scope": "global",
      "id": "4064c5f4-4ad5-43dc-81fc-a221002b04df",
      "index": 78,
      "timestamp": "2024-11-27T09:18:20.897Z",
      "hash": "xw79u6wRi0rT90GfuDpKHR9acQY=",
      "skip": 0
    },
    {
      "type": "SET_STATE_SCHEMA",
      "input": {
        "schema": "type ChatRoomState {\n  id: OID!                    # Unique identifier for the chat-room\n  name: String!               # Name of the chat-room\n  description: String         # Optional description of the chat-room\n  createdAt: DateTime!        # Timestamp of when the chat-room was created\n  createdBy: ID!             # Agent ID of the user who created the chat-room\n  messages: [Message!]!       # List of messages in the chat-room\n}\n\ntype Message {\n  id: OID!                    # Unique identifier for the message\n  senderId: ID!              # Agent ID of the message sender\n  content: String             # Message content\n  sentAt: DateTime!           # Timestamp of when the message was sent\n  reactions: [Reaction!]      # Reactions to the message\n}\n\ntype Reaction {\n  id: OID!                    # Unique identifier for the reaction\n  type: ReactionType!         # Type of reaction (one of the predefined emoji)\n  reactedBy: ID!             # Agent ID of the user who reacted\n  reactedAt: DateTime!        # Timestamp of the reaction\n}\n\nenum ReactionType {\n  THUMBS_UP\n  THUMBS_DOWN\n  LAUGH\n  heart\n  ANGRY\n}\n",
        "scope": "global"
      },
      "scope": "global",
      "id": "11ed819a-1493-468b-995c-dfd4f9082a88",
      "index": 79,
      "timestamp": "2024-11-27T09:18:30.552Z",
      "hash": "AfNfHvq1G9rVTAskWnKtPIXOr+c=",
      "skip": 0
    },
    {
      "type": "SET_STATE_SCHEMA",
      "input": {
        "schema": "type ChatRoomState {\n  id: OID!                    # Unique identifier for the chat-room\n  name: String!               # Name of the chat-room\n  description: String         # Optional description of the chat-room\n  createdAt: DateTime!        # Timestamp of when the chat-room was created\n  createdBy: ID!             # Agent ID of the user who created the chat-room\n  messages: [Message!]!       # List of messages in the chat-room\n}\n\ntype Message {\n  id: OID!                    # Unique identifier for the message\n  senderId: ID!              # Agent ID of the message sender\n  content: String             # Message content\n  sentAt: DateTime!           # Timestamp of when the message was sent\n  reactions: [Reaction!]      # Reactions to the message\n}\n\ntype Reaction {\n  id: OID!                    # Unique identifier for the reaction\n  type: ReactionType!         # Type of reaction (one of the predefined emoji)\n  reactedBy: ID!             # Agent ID of the user who reacted\n  reactedAt: DateTime!        # Timestamp of the reaction\n}\n\nenum ReactionType {\n  THUMBS_UP\n  THUMBS_DOWN\n  LAUGH\n  \n  ANGRY\n}\n",
        "scope": "global"
      },
      "scope": "global",
      "id": "11a50e80-cf0e-4a98-b056-908f2bfce134",
      "index": 80,
      "timestamp": "2024-11-27T09:18:32.240Z",
      "hash": "VIvsIfCOmhUPedlIBfQH/uHYdZA=",
      "skip": 0
    },
    {
      "type": "SET_STATE_SCHEMA",
      "input": {
        "schema": "type ChatRoomState {\n  id: OID!                    # Unique identifier for the chat-room\n  name: String!               # Name of the chat-room\n  description: String         # Optional description of the chat-room\n  createdAt: DateTime!        # Timestamp of when the chat-room was created\n  createdBy: ID!             # Agent ID of the user who created the chat-room\n  messages: [Message!]!       # List of messages in the chat-room\n}\n\ntype Message {\n  id: OID!                    # Unique identifier for the message\n  senderId: ID!              # Agent ID of the message sender\n  content: String             # Message content\n  sentAt: DateTime!           # Timestamp of when the message was sent\n  reactions: [Reaction!]      # Reactions to the message\n}\n\ntype Reaction {\n  id: OID!                    # Unique identifier for the reaction\n  type: ReactionType!         # Type of reaction (one of the predefined emoji)\n  reactedBy: ID!             # Agent ID of the user who reacted\n  reactedAt: DateTime!        # Timestamp of the reaction\n}\n\nenum ReactionType {\n  THUMBS_UP\n  THUMBS_DOWN\n  LAUGH\n  HEA\n  ANGRY\n}\n",
        "scope": "global"
      },
      "scope": "global",
      "id": "479b2223-5a33-49a8-9512-044f4e1ba441",
      "index": 81,
      "timestamp": "2024-11-27T09:18:33.077Z",
      "hash": "cPmLKNdqiBBkQ1N7EFWFa2jR0kE=",
      "skip": 0
    },
    {
      "type": "SET_STATE_SCHEMA",
      "input": {
        "schema": "type ChatRoomState {\n  id: OID!                    # Unique identifier for the chat-room\n  name: String!               # Name of the chat-room\n  description: String         # Optional description of the chat-room\n  createdAt: DateTime!        # Timestamp of when the chat-room was created\n  createdBy: ID!             # Agent ID of the user who created the chat-room\n  messages: [Message!]!       # List of messages in the chat-room\n}\n\ntype Message {\n  id: OID!                    # Unique identifier for the message\n  senderId: ID!              # Agent ID of the message sender\n  content: String             # Message content\n  sentAt: DateTime!           # Timestamp of when the message was sent\n  reactions: [Reaction!]      # Reactions to the message\n}\n\ntype Reaction {\n  id: OID!                    # Unique identifier for the reaction\n  type: ReactionType!         # Type of reaction (one of the predefined emoji)\n  reactedBy: ID!             # Agent ID of the user who reacted\n  reactedAt: DateTime!        # Timestamp of the reaction\n}\n\nenum ReactionType {\n  THUMBS_UP\n  THUMBS_DOWN\n  LAUGH\n  HEART\n  ANGRY\n}\n",
        "scope": "global"
      },
      "scope": "global",
      "id": "56a7f402-a4c7-4c24-b5a7-8e36af2244fe",
      "index": 82,
      "timestamp": "2024-11-27T09:18:34.792Z",
      "hash": "xgBk7ZOr6SsvkG+LuzgZNnSPnlo=",
      "skip": 0
    },
    {
      "type": "SET_STATE_SCHEMA",
      "input": {
        "schema": "type ChatRoomState {\n  id: OID!                    # Unique identifier for the chat-room\n  name: String!               # Name of the chat-room\n  description: String         # Optional description of the chat-room\n  createdAt: DateTime!        # Timestamp of when the chat-room was created\n  createdBy: ID!             # Agent ID of the user who created the chat-room\n  messages: [Message!]!       # List of messages in the chat-room\n}\n\ntype Message {\n  id: OID!                    # Unique identifier for the message\n  senderId: ID!              # Agent ID of the message sender\n  content: String             # Message content\n  sentAt: DateTime!           # Timestamp of when the message was sent\n  reactions: [Reaction!]      # Reactions to the message\n}\n\ntype Reaction {\n  id: OID!                    # Unique identifier for the reaction\n  type: ReactionType!         # Type of reaction (one of the predefined emoji)\n  reactedBy: ID!             # Agent ID of the user who reacted\n  reactedAt: DateTime!        # Timestamp of the reaction\n}\n\nenum ReactionType {\n  THUMBS_UP\n  THUMBS_DOWN\n  LAUGH\n  HEART\n  CRY\n}\n",
        "scope": "global"
      },
      "scope": "global",
      "id": "e0b2a6ac-e11e-43bb-93c6-06dbc68726e1",
      "index": 83,
      "timestamp": "2024-11-27T09:18:38.032Z",
      "hash": "uJ45Iv1vmuQMMT3+7JeWH/VO+Sw=",
      "skip": 0
    }
  ],
  "local": []
}